{
  "project_info": {
    "project_number": "14007832120",
    "firebase_url": "https://finalprojmobapp-default-rtdb.firebaseio.com",
    "project_id": "finalprojmobapp",
    "storage_bucket": "finalprojmobapp.appspot.com"
  },
  "client": [
    {
      "client_info": {
        "mobilesdk_app_id": "1:14007832120:android:b378ca0e5be337cf32e0cd",
        "android_client_info": {
          "package_name": "com.example.finalprojmobapp"
        }
      },
      "oauth_client": [
        {
          "client_id": "14007832120-7ido3sduobg75m8sic2hr9oq6bhcom0l.apps.googleusercontent.com",
          "client_type": 3
        }
      ],
      "api_key": [
        {
          "current_key": "AIzaSyARV_-jIGUZN6Lqc1wJT3EW9pM4IhsTmVo"
        }
      ],
      "services": {
        "appinvite_service": {
          "other_platform_oauth_client": [
            {
              "client_id": "14007832120-7ido3sduobg75m8sic2hr9oq6bhcom0l.apps.googleusercontent.com",
              "client_type": 3
            }
          ]
        }
      }
    }
  ],
  "configuration_version": "1"
}